user_id,pod_name
6,EVE
7,TECH
10,DF
11,PROD
17,EVE
22,EVE
31,VS
32,VS
43,VS
58,PLATFORM
61,EVE
67,VS
85,FINANCE
86,EVE
88,EVE
90,EVE
92,VS
103,VS
107,EVE
116,DF
122,EVE
124,EVE
129,EVE
141,DF
142,MD
144,EVE
146,VS
159,VS
170,VS
173,VS
193,EVE
196,DF
205,IDFY360
208,DC
210,DC
213,DC
214,VS
220,DC
224,VS
235,VS
236,VS
238,VS
239,VS
242,VS
246,MD
252,VS
253,VS
259,VS
260,VS
264,VS
268,VS
269,EVE
270,PLATFORM
278,EVE
280,CC
281,VS
296,VS
310,EVE
313,MD
319,DC
325,DF
326,EVE
329,EVE
330,VS
334,DF
341,VS
346,EVE
349,VS
350,DF
353,FINANCE
360,VS
361,VS
363,UIUX
364,MD
365,EVE
369,EVE
372,EVE
377,EVE
378,VS
381,VS
390,VS
391,EVE
397,VS
398,DF
404,MD
412,DF
414,VS
415,EVE
417,VS
418,VS
420,EVE
421,DF
423,MD
426,EVE
431,VS
433,EVE
436,EVE
439,VS
442,VS
443,VS
448,DF
449,MD
450,MD
460,EVE
464,DF
467,MD
469,EVE
472,VS
475,EVE
480,VS
484,EVE
486,VS
497,UIUX
506,MD
507,EVE
511,EVE
513,EVE